0;John;Weiss;browncarrie@example.net;Route Du Siuuu;5840;East Laura
1;Jacob;Zamora;andrew14@example.org;Route Du Siuuu;2104;Millerport
2;Lisa;Dixon;flopez@example.net;Route Du Siuuu;2168;New Brianborough
3;David;Smith;ngutierrez@example.net;Route Du Siuuu;455;South Jonathan
4;Donna;Lopez;pwilliams@example.org;Route Du Siuuu;5498;Julieport
5;Nathaniel;Mueller;jeanette53@example.net;Route Du Siuuu;8367;Bishopshire
6;Patrick;Hernandez;gonzalezcorey@example.com;Route Du Siuuu;9888;Port Pamela
7;Jeffery;Travis;fchan@example.org;Route Du Siuuu;4124;New Katherinechester
8;Jacob;Jackson;ashley47@example.org;Route Du Siuuu;7962;West Patricia
9;Matthew;Hunt;christine84@example.com;Route Du Siuuu;4135;Port Daltonton
10;Leslie;Williams;angela39@example.net;Route Du Siuuu;2321;North Matthewside
11;Lynn;Anderson;paulhernandez@example.com;Route Du Siuuu;93;West Brittany
12;Natalie;Brown;clarenceprice@example.org;Route Du Siuuu;5976;East Heathermouth
13;Nicole;Hansen;burnsrobert@example.com;Route Du Siuuu;8438;Bradleyberg
14;Christine;Barber;curtis30@example.net;Route Du Siuuu;256;West Bryanmouth
15;Blake;Jordan;gracenelson@example.com;Route Du Siuuu;1364;East Wandaberg
16;Michael;Smith;kellerdylan@example.org;Route Du Siuuu;6900;Port Kristyport
17;Tyler;Owens;marycruz@example.org;Route Du Siuuu;4913;South Brianfort
18;Joshua;Powell;raysabrina@example.net;Route Du Siuuu;1298;Wendybury
19;Sabrina;Anderson;lindaparker@example.net;Route Du Siuuu;2040;Katherineside
20;Brenda;Juarez;collinsangela@example.org;Route Du Siuuu;763;South Sabrina
21;Valerie;Torres;heatherdecker@example.com;Route Du Siuuu;2295;Williamsfurt
22;Jonathan;Christian;medinamegan@example.com;Route Du Siuuu;1611;Shanechester
23;Adam;Shelton;lisa28@example.com;Route Du Siuuu;6758;Port Erinchester
24;Lisa;Ward;buckleyjoseph@example.com;Route Du Siuuu;2554;North Andrew
25;Nicole;Smith;amber15@example.net;Route Du Siuuu;1120;Kevinton
26;Jason;Collins;leahbrown@example.com;Route Du Siuuu;415;Santiagoport
27;Monique;Hernandez;bsandoval@example.com;Route Du Siuuu;5627;Lake Nicholeborough
28;Michael;Manning;cowanrodney@example.com;Route Du Siuuu;8586;Frederickstad
29;Vanessa;Valdez;tylerleon@example.com;Route Du Siuuu;7117;Millertown
30;Logan;Harper;fletcherkaylee@example.com;Route Du Siuuu;5485;Timothyhaven
31;Candice;Mullen;rachel64@example.net;Route Du Siuuu;8514;Crystalbury
32;Michael;Brown;icrawford@example.org;Route Du Siuuu;5835;Reneefurt
33;Steven;Black;anna67@example.org;Route Du Siuuu;596;New Susan
34;Paula;Hardy;collinspaula@example.com;Route Du Siuuu;6227;Port Robert
35;William;Gray;jonestaylor@example.net;Route Du Siuuu;2376;Jamesbury
36;Justin;Richardson;mark19@example.com;Route Du Siuuu;7558;North Brandon
37;Michael;Miller;edwin43@example.net;Route Du Siuuu;9825;Singhborough
38;Ronald;Baldwin;alan53@example.org;Route Du Siuuu;3760;Lisaview
39;Jenna;Green;xjohnson@example.com;Route Du Siuuu;8990;Sallyberg
40;Raymond;Watkins;wilcoxdebra@example.org;Route Du Siuuu;5566;Janeport
41;Russell;Copeland;mhamilton@example.com;Route Du Siuuu;2495;Triciamouth
42;Diane;Sellers;abbottmegan@example.com;Route Du Siuuu;1315;West Aaron
43;Donald;Martinez;sheila82@example.org;Route Du Siuuu;6234;Washingtonstad
44;Alan;Huynh;robinsonkiara@example.net;Route Du Siuuu;714;Lake Josephville
45;Brandon;Wilson;teresa20@example.com;Route Du Siuuu;7986;Port Steven
46;Mary;Barrett;rochacaitlyn@example.com;Route Du Siuuu;9228;North Jasmineberg
47;Craig;Sloan;tracey78@example.org;Route Du Siuuu;1073;Rittershire
48;Cynthia;Reyes;ztaylor@example.com;Route Du Siuuu;3243;Hollychester
49;Jeffrey;Jackson;stephencochran@example.com;Route Du Siuuu;9448;New Samanthaview
50;Kathleen;Holland;brandon69@example.com;Route Du Siuuu;9922;Hallburgh
51;Benjamin;Washington;aliciamartinez@example.org;Route Du Siuuu;6071;Lake Penny
52;Frederick;Hernandez;gtaylor@example.net;Route Du Siuuu;3900;Amyfurt
53;Julie;Doyle;jilltrujillo@example.com;Route Du Siuuu;2471;South Thomas
54;Amber;Barrera;mccoyjames@example.net;Route Du Siuuu;4920;Port Jason
55;Marie;Stone;nwright@example.org;Route Du Siuuu;9144;Brownstad
56;Miguel;Lopez;gmerritt@example.net;Route Du Siuuu;2784;Michaelmouth
57;Sylvia;Parker;joelhawkins@example.org;Route Du Siuuu;8608;Williamport
58;Eric;Brady;brownjared@example.net;Route Du Siuuu;5612;Danielsburgh
59;Rebecca;Ortega;dawnboyer@example.org;Route Du Siuuu;7345;Duncanville
60;Troy;Yang;rachel40@example.org;Route Du Siuuu;5968;Donaldtown
61;Kyle;Davis;hernandezrobert@example.org;Route Du Siuuu;3445;Lake Carlos
62;Charles;Scott;christinareyes@example.org;Route Du Siuuu;4315;Owensstad
63;Kristen;Rowe;kristin34@example.org;Route Du Siuuu;6628;East Pamela
64;Dan;Miller;swaters@example.com;Route Du Siuuu;5786;Lake Isaachaven
65;Jasmine;West;jacquelineelliott@example.org;Route Du Siuuu;5837;Danatown
66;Michael;Hernandez;allennicholas@example.com;Route Du Siuuu;6682;New Patrick
67;Amy;Anderson;heather42@example.org;Route Du Siuuu;5803;Jonathanhaven
68;Gary;Douglas;jacksontimothy@example.com;Route Du Siuuu;7382;Lake Raymondhaven
69;Jacqueline;Lewis;susan05@example.net;Route Du Siuuu;9296;Prestontown
70;Rodney;Gillespie;jclark@example.com;Route Du Siuuu;9637;North Brianchester
71;Justin;Chambers;burtonderek@example.net;Route Du Siuuu;6005;East Davidport
72;Lisa;Horne;april52@example.net;Route Du Siuuu;1800;East Danielmouth
73;Brandon;Perez;jacobrichardson@example.net;Route Du Siuuu;5;Shawnport
74;Jennifer;White;zdavidson@example.org;Route Du Siuuu;3976;Jenniferchester
75;Mark;Day;cassierobinson@example.com;Route Du Siuuu;674;New Michael
76;David;Powell;mezadaniel@example.org;Route Du Siuuu;2158;Andrewbury
77;Johnathan;Stewart;evelyn44@example.com;Route Du Siuuu;3732;Lake Timothystad
78;Derrick;Adams;michael69@example.org;Route Du Siuuu;1938;Amyshire
79;Jason;Schmitt;ahoward@example.org;Route Du Siuuu;4217;Port Brandon
80;Amy;Alvarez;campbellmaria@example.com;Route Du Siuuu;2021;Blevinston
81;Sarah;Anderson;yingram@example.net;Route Du Siuuu;1129;East Sean
82;Patricia;Foster;wallsamanda@example.org;Route Du Siuuu;9576;East Adam
83;Christian;Jackson;victoriarichardson@example.com;Route Du Siuuu;9150;Masseyside
84;Ricky;Wells;stephenmorales@example.org;Route Du Siuuu;7813;North Anthonybury
85;Judy;Wilson;mfrye@example.com;Route Du Siuuu;3501;East Veronicaburgh
86;John;Sullivan;williejames@example.org;Route Du Siuuu;4304;Chaseview
87;Donna;Hall;sarah62@example.net;Route Du Siuuu;8687;Rivasshire
88;Janice;Morgan;salazarallison@example.com;Route Du Siuuu;2098;Hoodview
89;Michael;Miller;kristina25@example.com;Route Du Siuuu;1788;North Christopher
90;Matthew;Ward;brian53@example.com;Route Du Siuuu;3976;Ashleyshire
91;James;Burton;william05@example.net;Route Du Siuuu;9412;South Tracey
92;Thomas;Gonzalez;amysmith@example.com;Route Du Siuuu;8886;South Beth
93;Christopher;Norris;robertsemily@example.net;Route Du Siuuu;3167;Robinsonstad
94;Jake;Jones;pateljustin@example.com;Route Du Siuuu;3395;West Shane
95;Karen;Peters;myerscatherine@example.org;Route Du Siuuu;8038;North David
96;Angela;Collins;umclaughlin@example.org;Route Du Siuuu;9661;Masonberg
97;Paula;Hogan;gramos@example.org;Route Du Siuuu;7503;South Christopher
98;Nicole;Miller;tashasmith@example.net;Route Du Siuuu;4411;Samanthaside
99;Dominic;Conley;kimberlynichols@example.org;Route Du Siuuu;3829;Angelabury